Yaw,Pitch,Roll,X Accel,Y Accel,Z Accel,X Rate,Y Rate,Z Rate,Magnetic X,Magnetic Y,Magnetic Z,Gravity X,Gravity Y,Gravity Z,Q1,Q2,Q3,Q4
96.65799713134766,1.4010000228881836,-2.381999969482422,0.25,0.3959999978542328,-9.395999908447266,0.00675999978557229,0.017201000824570656,-0.005915999878197908,0.23399999737739563,0.0,0.4212000072002411,0.0,0.0,-9.793749809265137,-0.023289000615477562,-0.006827999837696552,0.7467899918556213,0.6646170020103455
115.01499938964844,0.9769999980926514,-3.2239999771118164,0.14300000667572021,0.5600000023841858,-9.354000091552734,-0.037905000150203705,0.020224999636411667,0.042389001697301865,0.23399999737739563,0.0,0.4212000072002411,0.0,0.0,-9.793749809265137,-0.023957999423146248,-0.01992899924516678,0.8441380262374878,0.5352200269699097
134.947998046875,1.1549999713897705,-2.440000057220459,0.22200000286102295,0.3089999854564667,-9.404000282287598,-0.034299999475479126,0.027317000553011894,-0.1553959995508194,0.23399999737739563,0.0,0.4212000072002411,0.0,0.0,-9.793749809265137,0.01885800063610077,0.016837000846862793,-0.9204580187797546,-0.39002200961112976
