Yaw,Pitch,Roll,X Accel,Y Accel,Z Accel,X Rate,Y Rate,Z Rate,Magnetic X,Magnetic Y,Magnetic Z,Gravity X,Gravity Y,Gravity Z,Q1,Q2,Q3,Q4
-77.45700073242188,-4.122000217437744,-1.437999963760376,-0.6669999957084656,0.25099998712539673,-9.303000450134277,0.0007970000151544809,0.00028899998869746923,0.0006409999914467335,0.23399999737739563,0.0,0.4212000072002411,0.0,0.0,-9.793749809265137,-0.0322830006480217,-0.020198000594973564,-0.6255480051040649,0.7792559862136841
-77.4489974975586,-4.119999885559082,-1.444000005722046,-0.6549999713897705,0.2150000035762787,-9.305000305175781,-0.0009529999806545675,-0.0005600000149570405,-0.0008699999889358878,0.23399999737739563,0.0,0.4212000072002411,0.0,0.0,-9.793749809265137,-0.032315000891685486,-0.02016099914908409,-0.625478982925415,0.7793110013008118
-77.4489974975586,-4.119999885559082,-1.444000005722046,-0.6330000162124634,0.2199999988079071,-9.324999809265137,0.0008619999862276018,-0.000295000005280599,3.9999998989515007e-05,0.23399999737739563,0.0,0.4212000072002411,0.0,0.0,-9.793749809265137,-0.03232400119304657,-0.0201409999281168,-0.6254709959030151,0.7793170213699341
