Yaw,Pitch,Roll,X Accel,Y Accel,Z Accel,X Rate,Y Rate,Z Rate,Magnetic X,Magnetic Y,Magnetic Z,Gravity X,Gravity Y,Gravity Z,Q1,Q2,Q3,Q4
-73.30400085449219,-1.2640000581741333,-3.0840001106262207,-0.25,0.5210000276565552,-9.310999870300293,0.0009239999926649034,-0.002357000019401312,-0.0003220000071451068,0.23399999737739563,0.0,0.4212000072002411,0.0,0.0,-9.793749809265137,-0.028164999559521675,0.007187999784946442,-0.5969499945640564,0.801751971244812
