Yaw,Pitch,Roll,X Accel,Y Accel,Z Accel,X Rate,Y Rate,Z Rate,Magnetic X,Magnetic Y,Magnetic Z,Gravity X,Gravity Y,Gravity Z,Q1,Q2,Q3,Q4
-77.2969970703125,-4.10699987411499,-1.4470000267028809,-0.671999990940094,0.2370000034570694,-9.322999954223633,0.00046300000394694507,-0.0008219999726861715,-0.000818000000435859,0.23399999737739563,0.0,0.4212000072002411,0.0,0.0,-9.793749809265137,-0.032239001244306564,-0.02009500004351139,-0.6244469881057739,0.7801420092582703
-77.2969970703125,-4.105999946594238,-1.4479999542236328,-0.7300000190734863,0.2549999952316284,-9.317000389099121,0.0004619999963324517,0.0003169999981764704,6.900000153109431e-05,0.23399999737739563,0.0,0.4212000072002411,0.0,0.0,-9.793749809265137,-0.03225899860262871,-0.02009899914264679,-0.6244239807128906,0.7801610231399536
