Yaw,Pitch,Roll,X Accel,Y Accel,Z Accel,X Rate,Y Rate,Z Rate,Magnetic X,Magnetic Y,Magnetic Z,Gravity X,Gravity Y,Gravity Z,Q1,Q2,Q3,Q4
-77.25599670410156,-4.113999843597412,-1.4539999961853027,-0.6510000228881836,0.24199999868869781,-9.303000450134277,-0.0009270000155083835,-0.000291000003926456,-0.0015190000412985682,0.23399999737739563,0.0,0.4212000072002411,0.0,0.0,-9.793749809265137,-0.032319001853466034,-0.02011900022625923,-0.6241750121116638,0.7803570032119751
-77.23100280761719,-4.104000091552734,-1.4320000410079956,-0.6430000066757202,0.2409999966621399,-9.307000160217285,0.0005830000154674053,-0.0012009999481961131,-9.699999645818025e-05,0.23399999737739563,0.0,0.4212000072002411,0.0,0.0,-9.793749809265137,-0.032120998948812485,-0.020184999331831932,-0.624002993106842,0.7805010080337524
-77.27400207519531,-4.099999904632568,-1.4459999799728394,-0.6809999942779541,0.24199999868869781,-9.298999786376953,-0.0005370000144466758,0.0001880000054370612,-0.0007050000131130219,0.23399999737739563,0.0,0.4212000072002411,0.0,0.0,-9.793749809265137,-0.03220999985933304,-0.020082000643014908,-0.624284029006958,0.7802749872207642
