Yaw,Pitch,Roll,X Accel,Y Accel,Z Accel,X Rate,Y Rate,Z Rate,Magnetic X,Magnetic Y,Magnetic Z,Gravity X,Gravity Y,Gravity Z,Q1,Q2,Q3,Q4
-73.23699951171875,-1.319000005722046,-3.11299991607666,-0.19599999487400055,0.4869999885559082,-9.312999725341797,-0.0004889999981969595,0.0014039999805390835,0.0007229999755509198,0.23399999737739563,0.0,0.4212000072002411,0.0,0.0,-9.793749809265137,-0.028663000091910362,0.0069679999724030495,-0.596472978591919,0.8020910024642944
-73.18399810791016,-1.315000057220459,-3.118000030517578,-0.2070000022649765,0.4959999918937683,-9.354999542236328,0.00072900002123788,-0.0013360000448301435,0.0007650000043213367,0.23399999737739563,0.0,0.4212000072002411,0.0,0.0,-9.793749809265137,-0.02869500033557415,0.00700599979609251,-0.5960909724235535,0.802374005317688
-73.24800109863281,-1.2910000085830688,-3.0859999656677246,-0.24199999868869781,0.4869999885559082,-9.345000267028809,0.001259000040590763,-0.003134000115096569,-0.0007210000185295939,0.23399999737739563,0.0,0.4212000072002411,0.0,0.0,-9.793749809265137,-0.02834399975836277,0.006998000200837851,-0.5965549945831299,0.8020409941673279
