Yaw,Pitch,Roll,X Accel,Y Accel,Z Accel,X Rate,Y Rate,Z Rate,Magnetic X,Magnetic Y,Magnetic Z,Gravity X,Gravity Y,Gravity Z,Q1,Q2,Q3,Q4
-71.47100067138672,-2.0460000038146973,-0.621999979019165,-0.3319999873638153,0.10899999737739563,-9.317000389099121,-0.0003870000073220581,0.0007999999797903001,0.00035799999022856355,0.23399999737739563,0.0,0.4212000072002411,0.0,0.0,-9.793749809265137,-0.014818999916315079,-0.01133699994534254,-0.5839890241622925,0.8115469813346863
-71.35700225830078,-2.046999931335449,-0.6200000047683716,-0.3009999990463257,0.06300000101327896,-9.343000411987305,0.0015650000423192978,-0.0004349999944679439,-5.999999848427251e-05,0.23399999737739563,0.0,0.4212000072002411,0.0,0.0,-9.793749809265137,-0.01484999991953373,-0.011354999616742134,-0.5832129716873169,0.8121039867401123
-71.28500366210938,-2.0480000972747803,-0.6380000114440918,-0.3089999854564667,0.10100000351667404,-9.348999977111816,7.400000322377309e-05,0.0016009999671950936,-0.001643999945372343,0.23399999737739563,0.0,0.4212000072002411,0.0,0.0,-9.793749809265137,-0.014952999539673328,-0.011297999881207943,-0.5826730132102966,0.8124909996986389
-70.79900360107422,-2.0260000228881836,-0.6079999804496765,-0.3160000145435333,0.08399999886751175,-9.335000038146973,-0.001491999952122569,-0.00045399999362416565,-0.001041000010445714,0.23399999737739563,0.0,0.4212000072002411,0.0,0.0,-9.793749809265137,-0.014569000340998173,-0.011363999918103218,-0.5792210102081299,0.8149610161781311
