Yaw,Pitch,Roll,X Accel,Y Accel,Z Accel,X Rate,Y Rate,Z Rate,Magnetic X,Magnetic Y,Magnetic Z,Gravity X,Gravity Y,Gravity Z,Q1,Q2,Q3,Q4
173.302001953125,-0.4740000069141388,43.33700180053711,-0.023000000044703484,-6.553999900817871,-6.9070000648498535,0.0007110000005923212,0.0003060000017285347,-0.001041000010445714,0.23399999737739563,0.0,0.4212000072002411,0.0,0.0,-9.793749809265137,0.025414999574422836,0.3683980107307434,0.927819013595581,0.05280400067567825
