Yaw,Pitch,Roll,X Accel,Y Accel,Z Accel,X Rate,Y Rate,Z Rate,Magnetic X,Magnetic Y,Magnetic Z,Gravity X,Gravity Y,Gravity Z,Q1,Q2,Q3,Q4
-77.24099731445312,-4.093999862670898,-1.4179999828338623,-0.6520000100135803,0.22699999809265137,-9.303000450134277,0.0002589999930933118,0.0005290000117383897,0.0006060000159777701,0.23399999737739563,0.0,0.4212000072002411,0.0,0.0,-9.793749809265137,-0.031982000917196274,-0.020162999629974365,-0.6240689754486084,0.7804539799690247
-77.24299621582031,-4.09499979019165,-1.4199999570846558,-0.6850000023841858,0.20900000631809235,-9.32800006866455,0.002461999887600541,-0.0001610000035725534,0.0002479999966453761,0.23399999737739563,0.0,0.4212000072002411,0.0,0.0,-9.793749809265137,-0.031975001096725464,-0.02017199993133545,-0.6240569949150085,0.7804639935493469
