Yaw,Pitch,Roll,X Accel,Y Accel,Z Accel,X Rate,Y Rate,Z Rate,Magnetic X,Magnetic Y,Magnetic Z,Gravity X,Gravity Y,Gravity Z,Q1,Q2,Q3,Q4
-73.5999984741211,-1.2610000371932983,-3.1040000915527344,-0.14900000393390656,0.5640000104904175,-9.28600025177002,0.0002680000034160912,-0.0011630000080913305,0.0001500000071246177,0.23399999737739563,0.0,0.4212000072002411,0.0,0.0,-9.793749809265137,-0.02822599932551384,0.007333000190556049,-0.5990269780158997,0.8001980185508728
-73.46600341796875,-1.3370000123977661,-3.1449999809265137,-0.17000000178813934,0.4009999930858612,-9.336000442504883,0.0019779999274760485,-0.004896999802440405,0.0004020000051241368,0.23399999737739563,0.0,0.4212000072002411,0.0,0.0,-9.793749809265137,-0.028981000185012817,0.007110000122338533,-0.5980449914932251,0.8009070158004761
-73.41899871826172,-1.312999963760376,-3.138000011444092,-0.17000000178813934,0.5260000228881836,-9.303000450134277,0.001967000076547265,1.1000000085914508e-05,0.0007619999814778566,0.23399999737739563,0.0,0.4212000072002411,0.0,0.0,-9.793749809265137,-0.028787000104784966,0.007133000064641237,-0.5977659821510315,0.8011220097541809
-73.51300048828125,-1.25600004196167,-3.0880000591278076,-0.2290000021457672,0.492000013589859,-9.340999603271484,-0.004602999892085791,0.001851000008173287,-0.0009280000231228769,0.23399999737739563,0.0,0.4212000072002411,0.0,0.0,-9.793749809265137,-0.028139999136328697,0.007414999883621931,-0.5983890295028687,0.8006770014762878
