Yaw,Pitch,Roll,X Accel,Y Accel,Z Accel,X Rate,Y Rate,Z Rate,Magnetic X,Magnetic Y,Magnetic Z,Gravity X,Gravity Y,Gravity Z,Q1,Q2,Q3,Q4
-65.96800231933594,-37.32099914550781,-8.263999938964844,-5.936999797821045,1.0449999570846558,-7.501999855041504,0.004639000166207552,0.005967999808490276,0.016112999990582466,0.23399999737739563,0.0,0.4212000072002411,0.0,0.0,-9.793749809265137,-0.23042500019073486,-0.230103000998497,-0.533627986907959,0.7805110216140747
-30.92099952697754,-9.944999694824219,0.39500001072883606,-1.6180000305175781,-0.0560000017285347,-9.319000244140625,-0.0005549999768845737,0.00026500000967644155,-0.0004360000020824373,0.23399999737739563,0.0,0.4212000072002411,0.0,0.0,-9.793749809265137,-0.01975799910724163,-0.08443800359964371,-0.26529601216316223,0.9602590203285217
