Yaw,Pitch,Roll,X Accel,Y Accel,Z Accel,X Rate,Y Rate,Z Rate,Magnetic X,Magnetic Y,Magnetic Z,Gravity X,Gravity Y,Gravity Z,Q1,Q2,Q3,Q4
-30.874000549316406,1.5119999647140503,-2.316999912261963,0.26899999380111694,0.38499999046325684,-9.475000381469727,-0.008740999735891819,0.018852999433875084,-0.0056130001321434975,0.23399999737739563,0.0,0.4212000072002411,0.0,0.0,-9.793749809265137,0.016054000705480576,-0.018960999324917793,0.266059011220932,-0.9636369943618774
-44.69300079345703,1.6859999895095825,-1.315000057220459,0.3179999887943268,0.20900000631809235,-9.394000053405762,-0.014298000372946262,0.0188400000333786,-0.012252000160515308,0.23399999737739563,0.0,0.4212000072002411,0.0,0.0,-9.793749809265137,0.005239000078290701,-0.018780000507831573,0.38038399815559387,-0.9246230125427246
-134.7570037841797,1.7029999494552612,-1.6460000276565552,0.2619999945163727,0.2669999897480011,-9.480999946594238,-3.099999958067201e-05,-0.020865000784397125,-0.10255800187587738,0.23399999737739563,0.0,0.4212000072002411,0.0,0.0,-9.793749809265137,-0.007420000154525042,-0.01873200014233589,0.9240379929542542,-0.38176900148391724
148.06300354003906,1.7269999980926514,-1.7350000143051147,0.31299999356269836,0.2770000100135803,-9.416000366210938,-0.018019000068306923,-0.0012629999546334147,-0.10437499731779099,0.23399999737739563,0.0,0.4212000072002411,0.0,0.0,-9.793749809265137,-0.01910099945962429,-0.011502999812364578,0.9596459865570068,0.2803249955177307
109.3949966430664,1.6640000343322754,-1.5269999504089355,0.2840000092983246,0.2540000081062317,-9.409000396728516,-0.013300999999046326,-0.013621999882161617,-0.041478998959064484,0.23399999737739563,0.0,0.4212000072002411,0.0,0.0,-9.793749809265137,-0.019443999975919724,-0.0034729999024420977,0.8149060010910034,0.5792570114135742
