Yaw,Pitch,Roll,X Accel,Y Accel,Z Accel,X Rate,Y Rate,Z Rate,Magnetic X,Magnetic Y,Magnetic Z,Gravity X,Gravity Y,Gravity Z,Q1,Q2,Q3,Q4
-30.1200008392334,-8.284000396728516,0.3930000066757202,-1.36899995803833,-0.10100000351667404,-9.34000015258789,3.7000001611886546e-05,-0.0011259999591857195,0.0010779999429360032,0.23399999737739563,0.0,0.4212000072002411,0.0,0.0,-9.793749809265137,-0.015457999892532825,-0.07059700042009354,-0.2588990032672882,0.9631969928741455
-30.069000244140625,-8.282999992370605,0.39899998903274536,-1.305999994277954,-0.09700000286102295,-9.366000175476074,-1.1000000085914508e-05,0.0009009999921545386,0.000577000027988106,0.23399999737739563,0.0,0.4212000072002411,0.0,0.0,-9.793749809265137,-0.015374000184237957,-0.07065699994564056,-0.2585029900074005,0.9632999897003174
-30.086000442504883,-8.282999992370605,0.39500001072883606,-1.309999942779541,-0.07500000298023224,-9.357999801635742,0.000661000027321279,0.002346999943256378,-0.001256000017747283,0.23399999737739563,0.0,0.4212000072002411,0.0,0.0,-9.793749809265137,-0.015405000187456608,-0.07065500319004059,-0.2586039900779724,0.9632729887962341
-30.08300018310547,-8.279999732971191,0.39100000262260437,-1.3259999752044678,-0.061000000685453415,-9.343000411987305,0.00027200000477023423,0.0019290000200271606,0.0004569999873638153,0.23399999737739563,0.0,0.4212000072002411,0.0,0.0,-9.793749809265137,-0.015421000309288502,-0.07061100006103516,-0.2585720121860504,0.9632850289344788
-30.111000061035156,-8.291000366210938,0.39899998903274536,-1.343000054359436,-0.08100000023841858,-9.345000267028809,0.0003380000125616789,0.0012339999666437507,0.0008329999982379377,0.23399999737739563,0.0,0.4212000072002411,0.0,0.0,-9.793749809265137,-0.015406999737024307,-0.07070600241422653,-0.25884300470352173,0.9632049798965454
