Yaw,Pitch,Roll,X Accel,Y Accel,Z Accel,X Rate,Y Rate,Z Rate,Magnetic X,Magnetic Y,Magnetic Z,Gravity X,Gravity Y,Gravity Z,Q1,Q2,Q3,Q4
-77.29199981689453,-4.105000019073486,-1.4420000314712524,-0.6919999718666077,0.24199999868869781,-9.331000328063965,0.001230000052601099,0.0015369999455288053,-6.0999998822808266e-05,0.23399999737739563,0.0,0.4212000072002411,0.0,0.0,-9.793749809265137,-0.0321739986538887,-0.02012000046670437,-0.6244289875030518,0.7801589965820312
-77.2959976196289,-4.10099983215332,-1.440999984741211,-0.6309999823570251,0.21299999952316284,-9.307000160217285,0.00022899999748915434,-0.0005929999751970172,-0.001016999944113195,0.23399999737739563,0.0,0.4212000072002411,0.0,0.0,-9.793749809265137,-0.03216399997472763,-0.020111000165343285,-0.6244339942932129,0.7801560163497925
