Yaw,Pitch,Roll,X Accel,Y Accel,Z Accel,X Rate,Y Rate,Z Rate,Magnetic X,Magnetic Y,Magnetic Z,Gravity X,Gravity Y,Gravity Z,Q1,Q2,Q3,Q4
-73.4739990234375,-1.11899995803833,-3.240999937057495,-0.1940000057220459,0.5170000195503235,-9.36400032043457,0.0006089999806135893,-0.000678999989759177,-0.0005089999758638442,0.23399999737739563,0.0,0.4212000072002411,0.0,0.0,-9.793749809265137,-0.028503000736236572,0.009076000191271305,-0.5981060266494751,0.8008589744567871
