Yaw,Pitch,Roll,X Accel,Y Accel,Z Accel,X Rate,Y Rate,Z Rate,Magnetic X,Magnetic Y,Magnetic Z,Gravity X,Gravity Y,Gravity Z,Q1,Q2,Q3,Q4
-77.45800018310547,-4.191999912261963,-1.4739999771118164,-0.7139999866485596,0.2280000001192093,-9.324999809265137,0.0005799999926239252,-0.0014270000392571092,-0.0005280000041238964,0.23399999737739563,0.0,0.4212000072002411,0.0,0.0,-9.793749809265137,-0.032892998307943344,-0.020495999604463577,-0.6255360245704651,0.7792320251464844
-77.46700286865234,-4.189000129699707,-1.4730000495910645,-0.6859999895095825,0.24799999594688416,-9.329000473022461,-0.0012639999622479081,0.0006549999816343188,0.0003929999948013574,0.23399999737739563,0.0,0.4212000072002411,0.0,0.0,-9.793749809265137,-0.032885000109672546,-0.020457999780774117,-0.6256160140037537,0.7791690230369568
-77.47100067138672,-4.189000129699707,-1.472000002861023,-0.6890000104904175,0.2199999988079071,-9.329999923706055,-0.0001539999939268455,0.00018899999849963933,-0.0004440000047907233,0.23399999737739563,0.0,0.4212000072002411,0.0,0.0,-9.793749809265137,-0.03290000185370445,-0.02043600007891655,-0.6256499886512756,0.7791420221328735
