Yaw,Pitch,Roll,X Accel,Y Accel,Z Accel,X Rate,Y Rate,Z Rate,Magnetic X,Magnetic Y,Magnetic Z,Gravity X,Gravity Y,Gravity Z,Q1,Q2,Q3,Q4
-77.52300262451172,-4.142000198364258,-1.4509999752044678,-0.6700000166893005,0.23399999737739563,-9.322999954223633,-0.0007779999868944287,0.00017100000695791095,0.0008730000117793679,0.23399999737739563,0.0,0.4212000072002411,0.0,0.0,-9.793749809265137,-0.03249000012874603,-0.020267000421881676,-0.6259739995002747,0.7789030075073242
-77.51699829101562,-4.146999835968018,-1.4559999704360962,-0.6819999814033508,0.24400000274181366,-9.33899974822998,-0.0010770000517368317,0.0003330000035930425,-0.0010239999974146485,0.23399999737739563,0.0,0.4212000072002411,0.0,0.0,-9.793749809265137,-0.03255100175738335,-0.020281000062823296,-0.6259390115737915,0.7789289951324463
-77.51699829101562,-4.151000022888184,-1.4559999704360962,-0.6679999828338623,0.2290000021457672,-9.32800006866455,0.0005339999916031957,-5.900000178371556e-05,0.0004189999890513718,0.23399999737739563,0.0,0.4212000072002411,0.0,0.0,-9.793749809265137,-0.03256399929523468,-0.02027600072324276,-0.6259239912033081,0.7789400219917297
