Yaw,Pitch,Roll,X Accel,Y Accel,Z Accel,X Rate,Y Rate,Z Rate,Magnetic X,Magnetic Y,Magnetic Z,Gravity X,Gravity Y,Gravity Z,Q1,Q2,Q3,Q4
169.1999969482422,1.746999979019165,-2.13700008392334,0.2879999876022339,0.367000013589859,-9.394000053405762,-0.0032659999560564756,0.005357000045478344,-0.015540000051259995,0.23399999737739563,0.0,0.4212000072002411,0.0,0.0,-9.793749809265137,-0.01715400069952011,-0.01720000058412552,0.9952110052108765,0.09468600153923035
169.82899475097656,1.5470000505447388,-2.444999933242798,0.2669999897480011,0.4050000011920929,-9.388999938964844,-0.004825000185519457,0.0007469999836757779,0.007706000003963709,0.23399999737739563,0.0,0.4212000072002411,0.0,0.0,-9.793749809265137,-0.015422999858856201,-0.02008800022304058,0.9958009719848633,0.08797100186347961
173.94700622558594,1.593999981880188,-1.718999981880188,0.2630000114440918,0.2849999964237213,-9.394000053405762,-0.01167299970984459,-0.018598999828100204,0.0033470001071691513,0.23399999737739563,0.0,0.4212000072002411,0.0,0.0,-9.793749809265137,-0.013995000161230564,-0.014804000034928322,0.9984139800071716,0.05249299854040146
171.80999755859375,2.115999937057495,-1.9190000295639038,0.36500000953674316,0.31200000643730164,-9.404999732971191,-0.011132000014185905,-0.011901999823749065,-0.005950999911874533,0.23399999737739563,0.0,0.4212000072002411,0.0,0.0,-9.793749809265137,-0.019190000370144844,-0.01581300050020218,0.9971439838409424,0.0713139995932579
161.8719940185547,1.4780000448226929,-2.321000099182129,0.289000004529953,0.39500001072883606,-9.357000350952148,0.002624999964609742,0.0029490001033991575,-0.014271999709308147,0.23399999737739563,0.0,0.4212000072002411,0.0,0.0,-9.793749809265137,-0.015961000695824623,-0.01785999909043312,0.9871810078620911,0.15779699385166168
150.30099487304688,1.7139999866485596,-1.8860000371932983,0.30300000309944153,0.3240000009536743,-9.42199993133545,-0.013648999854922295,-0.016248000785708427,-0.017619000747799873,0.23399999737739563,0.0,0.4212000072002411,0.0,0.0,-9.793749809265137,-0.018214000388979912,-0.012741000391542912,0.9662629961967468,0.2565949857234955
