Yaw,Pitch,Roll,X Accel,Y Accel,Z Accel,X Rate,Y Rate,Z Rate,Magnetic X,Magnetic Y,Magnetic Z,Gravity X,Gravity Y,Gravity Z,Q1,Q2,Q3,Q4
-73.4990005493164,-1.1519999504089355,-3.2639999389648438,-0.17100000381469727,0.5270000100135803,-9.324999809265137,-9.500000305706635e-05,-2.9000000722589903e-05,-0.0008190000080503523,0.23399999737739563,0.0,0.4212000072002411,0.0,0.0,-9.793749809265137,-0.028846999630331993,0.009000999853014946,-0.5982890129089355,0.8007100224494934
-73.375,-1.1799999475479126,-3.2769999504089355,-0.18700000643730164,0.5519999861717224,-9.277000427246094,0.0033909999765455723,3.5000000934815034e-05,-0.0002099999983329326,0.23399999737739563,0.0,0.4212000072002411,0.0,0.0,-9.793749809265137,-0.02905000001192093,0.008790000341832638,-0.5974239706993103,0.801351010799408
