Yaw,Pitch,Roll,X Accel,Y Accel,Z Accel,X Rate,Y Rate,Z Rate,Magnetic X,Magnetic Y,Magnetic Z,Gravity X,Gravity Y,Gravity Z,Q1,Q2,Q3,Q4
-77.4749984741211,-4.150000095367432,-1.4429999589920044,-0.6690000295639038,0.21899999678134918,-9.329000473022461,0.00014899999951012433,0.0003910000086762011,-0.0007680000271648169,0.23399999737739563,0.0,0.4212000072002411,0.0,0.0,-9.793749809265137,-0.03247300162911415,-0.020354999229311943,-0.6256589889526367,0.7791550159454346
-77.45899963378906,-4.140999794006348,-1.437000036239624,-0.6800000071525574,0.23899999260902405,-9.348999977111816,-0.0009749999735504389,0.0016349999932572246,0.001167000038549304,0.23399999737739563,0.0,0.4212000072002411,0.0,0.0,-9.793749809265137,-0.03238299861550331,-0.020360000431537628,-0.6255319714546204,0.7792609930038452
-77.45800018310547,-4.14300012588501,-1.4359999895095825,-0.671999990940094,0.23399999737739563,-9.307999610900879,-0.00015700000221841037,-2.9000000722589903e-05,0.0007929999846965075,0.23399999737739563,0.0,0.4212000072002411,0.0,0.0,-9.793749809265137,-0.03237999975681305,-0.02036299929022789,-0.6255059838294983,0.7792810201644897
