Yaw,Pitch,Roll,X Accel,Y Accel,Z Accel,X Rate,Y Rate,Z Rate,Magnetic X,Magnetic Y,Magnetic Z,Gravity X,Gravity Y,Gravity Z,Q1,Q2,Q3,Q4
-73.49700164794922,-1.1269999742507935,-3.2300000190734863,-0.16599999368190765,0.5199999809265137,-9.342000007629395,0.0007309999782592058,0.0007089999853633344,0.000446999998530373,0.23399999737739563,0.0,0.4212000072002411,0.0,0.0,-9.793749809265137,-0.028456000611186028,0.00901500042527914,-0.5982679724693298,0.8007400035858154
-73.50499725341797,-1.1269999742507935,-3.236999988555908,-0.1889999955892563,0.5329999923706055,-9.326000213623047,0.0006419999990612268,0.0002880000101868063,-0.0004799999878741801,0.23399999737739563,0.0,0.4212000072002411,0.0,0.0,-9.793749809265137,-0.028497999534010887,0.009026999585330486,-0.5983330011367798,0.8006899952888489
-73.45999908447266,-1.1380000114440918,-3.2330000400543213,-0.23399999737739563,0.5690000057220459,-9.35099983215332,0.0034910000395029783,0.00017600000137463212,0.0004299999854993075,0.23399999737739563,0.0,0.4212000072002411,0.0,0.0,-9.793749809265137,-0.028558000922203064,0.008946999907493591,-0.5980039834976196,0.8009349703788757
-73.36299896240234,-1.1729999780654907,-3.252000093460083,-0.1860000044107437,0.5630000233650208,-9.371999740600586,-0.0006290000164881349,0.0010310000507161021,9.500000305706635e-05,0.23399999737739563,0.0,0.4212000072002411,0.0,0.0,-9.793749809265137,-0.0288929995149374,0.00875999964773655,-0.5973190069198608,0.8014349937438965
