Yaw,Pitch,Roll,X Accel,Y Accel,Z Accel,X Rate,Y Rate,Z Rate,Magnetic X,Magnetic Y,Magnetic Z,Gravity X,Gravity Y,Gravity Z,Q1,Q2,Q3,Q4
-73.51899719238281,-1.121999979019165,-3.242000102996826,-0.19599999487400055,0.527999997138977,-9.319999694824219,-0.0022090000566095114,0.0008660000166855752,0.00038400001358240843,0.23399999737739563,0.0,0.4212000072002411,0.0,0.0,-9.793749809265137,-0.02851800061762333,0.009046999737620354,-0.5984249711036682,0.8006200194358826
-73.50800323486328,-1.194000005722046,-3.2850000858306885,-0.25699999928474426,0.5979999899864197,-9.338000297546387,-0.0027179999742656946,-0.0021180000621825457,0.0018729999428614974,0.23399999737739563,0.0,0.4212000072002411,0.0,0.0,-9.793749809265137,-0.029184000566601753,0.008803999982774258,-0.598330020904541,0.8006700277328491
-73.18000030517578,-1.3630000352859497,-3.0950000286102295,-0.32100000977516174,0.45899999141693115,-9.342000007629395,0.0004769999941345304,0.0009560000034980476,0.0010140000376850367,0.23399999737739563,0.0,0.4212000072002411,0.0,0.0,-9.793749809265137,-0.028737999498844147,0.006800000090152025,-0.596081018447876,0.8023809790611267
