Yaw,Pitch,Roll,X Accel,Y Accel,Z Accel,X Rate,Y Rate,Z Rate,Magnetic X,Magnetic Y,Magnetic Z,Gravity X,Gravity Y,Gravity Z,Q1,Q2,Q3,Q4
-30.118999481201172,-8.253000259399414,0.4000000059604645,-1.3769999742507935,-0.07100000232458115,-9.345000267028809,-0.00016500000492669642,-0.00016500000492669642,-0.0012760000536218286,0.23399999737739563,0.0,0.4212000072002411,0.0,0.0,-9.793749809265137,-0.015317000448703766,-0.0703750029206276,-0.25894299149513245,0.963204026222229
-30.083999633789062,-8.255000114440918,0.3930000066757202,-1.3940000534057617,-0.03500000014901161,-9.345000267028809,-0.0005179999861866236,0.00022499999613501132,-0.0010479999473318458,0.23399999737739563,0.0,0.4212000072002411,0.0,0.0,-9.793749809265137,-0.01536799967288971,-0.07039699703454971,-0.2586190104484558,0.9632880091667175
-30.099000930786133,-8.28499984741211,0.4050000011920929,-1.3029999732971191,-0.035999998450279236,-9.329000473022461,-0.00019799999427050352,-0.0005879999953322113,0.000615999975707382,0.23399999737739563,0.0,0.4212000072002411,0.0,0.0,-9.793749809265137,-0.015344000421464443,-0.07067199796438217,-0.2587429881095886,0.9632350206375122
-30.12299919128418,-8.274999618530273,0.4000000059604645,-1.3769999742507935,-0.057999998331069946,-9.333000183105469,-0.0004149999876972288,0.0021649999544024467,0.0005009999731555581,0.23399999737739563,0.0,0.4212000072002411,0.0,0.0,-9.793749809265137,-0.015395999886095524,-0.07058200240135193,-0.25891199707984924,0.9631959795951843
