Yaw,Pitch,Roll,X Accel,Y Accel,Z Accel,X Rate,Y Rate,Z Rate,Magnetic X,Magnetic Y,Magnetic Z,Gravity X,Gravity Y,Gravity Z,Q1,Q2,Q3,Q4
-77.26300048828125,-4.110000133514404,-1.4470000267028809,-0.6940000057220459,0.23499999940395355,-9.324999809265137,-0.0001429999974789098,-1.1000000085914508e-05,-0.001057000015862286,0.23399999737739563,0.0,0.4212000072002411,0.0,0.0,-9.793749809265137,-0.032248999923467636,-0.02012999914586544,-0.6242110133171082,0.7803300023078918
-77.2229995727539,-4.107999801635742,-1.4509999752044678,-0.640999972820282,0.2290000021457672,-9.303000450134277,-4.600000102072954e-05,0.00046800001291558146,-7.100000220816582e-05,0.23399999737739563,0.0,0.4212000072002411,0.0,0.0,-9.793749809265137,-0.03223999962210655,-0.02010899968445301,-0.6239569783210754,0.780534029006958
-77.27300262451172,-4.114999771118164,-1.4639999866485596,-0.6890000104904175,0.25200000405311584,-9.314000129699707,-3.000000106112566e-06,-0.0021800000686198473,0.001429000054486096,0.23399999737739563,0.0,0.4212000072002411,0.0,0.0,-9.793749809265137,-0.03238999843597412,-0.020073000341653824,-0.6242989897727966,0.7802550196647644
