Yaw,Pitch,Roll,X Accel,Y Accel,Z Accel,X Rate,Y Rate,Z Rate,Magnetic X,Magnetic Y,Magnetic Z,Gravity X,Gravity Y,Gravity Z,Q1,Q2,Q3,Q4
-4.676000118255615,1.1690000295639038,-2.7739999294281006,0.17599999904632568,0.4480000138282776,-9.345999717712402,0.01759300008416176,-0.00816699955612421,-0.02525700069963932,0.23399999737739563,0.0,0.4212000072002411,0.0,0.0,-9.793749809265137,0.023189999163150787,-0.010912000201642513,0.041367001831531525,-0.9988150000572205
-6.2729997634887695,1.2610000371932983,-2.7669999599456787,0.21400000154972076,0.42399999499320984,-9.380000114440918,0.025635000318288803,0.002572000026702881,-0.0043739997781813145,0.23399999737739563,0.0,0.4212000072002411,0.0,0.0,-9.793749809265137,0.022576000541448593,-0.012404000386595726,0.05459500104188919,-0.9981759786605835
161.53599548339844,1.5490000247955322,-2.436000108718872,0.14399999380111694,0.2630000114440918,-9.260000228881836,-0.005119999870657921,-0.0030070000793784857,-0.32104799151420593,0.23399999737739563,0.0,0.4212000072002411,0.0,0.0,-9.793749809265137,0.01672700047492981,0.019334999844431877,-0.9841030240058899,-0.1757510006427765
-26.42099952697754,1.2480000257492065,-2.9709999561309814,0.30000001192092896,0.5950000286102295,-9.109999656677246,0.022818999364972115,0.011316999793052673,-0.24378499388694763,0.23399999737739563,0.0,0.4212000072002411,0.0,0.0,-9.793749809265137,0.022312000393867493,-0.016894999891519547,0.2362380027770996,-0.9712920188903809
