Yaw,Pitch,Roll,X Accel,Y Accel,Z Accel,X Rate,Y Rate,Z Rate,Magnetic X,Magnetic Y,Magnetic Z,Gravity X,Gravity Y,Gravity Z,Q1,Q2,Q3,Q4
173.18299865722656,-0.47600001096725464,43.215999603271484,-0.06199999898672104,-6.51800012588501,-6.920000076293945,-0.0007859999896027148,-0.0018400000408291817,-0.0002739999908953905,0.23399999737739563,0.0,0.4212000072002411,0.0,0.0,-9.793749809265137,0.025721000507473946,0.36735999584198,0.9281730055809021,0.053665000945329666
172.9459991455078,-0.47099998593330383,43.21799850463867,-0.06300000101327896,-6.478000164031982,-6.932000160217285,0.0008490000036545098,-0.0009139999747276306,0.0007229999755509198,0.23399999737739563,0.0,0.4212000072002411,0.0,0.0,-9.793749809265137,0.026458000764250755,0.36735999584198,0.9280329942703247,0.055688001215457916
